{
    "Mexico City": {
        "sw_lat": 19.132200000000001, 
        "ne_lon": -98.943329000000006, 
        "sw_lon": -99.357307000000006, 
        "ne_lat": 19.59271
    }, 
    "San Diego": {
        "sw_lat": 32.534790000000001, 
        "ne_lon": -116.90579200000001, 
        "sw_lon": -117.28235599999999, 
        "ne_lat": 33.114230999999997
    }, 
    "Istanbul": {
        "sw_lat": 40.802731000000001, 
        "ne_lon": 29.45787, 
        "sw_lon": 28.448008999999999, 
        "ne_lat": 41.235950000000003
    }, 
    "Chicago": {
        "sw_lat": 41.644587999999999, 
        "ne_lon": -87.52449, 
        "sw_lon": -87.939194000000001, 
        "ne_lat": 42.022948999999997
    }, 
    "Paris": {
        "sw_lat": 48.658290999999998, 
        "ne_lon": 2.6379100000000002, 
        "sw_lon": 2.0867900000000001, 
        "ne_lat": 49.046939999999999
    }, 
    "Shanghai": {
        "sw_lat": 30.975000000000001, 
        "ne_lon": 121.80461099999999, 
        "sw_lon": 121.10157, 
        "ne_lat": 31.514999
    }, 
    "Hanoi": {
        "sw_lat": 21.002489000000001, 
        "ne_lon": 105.851471, 
        "sw_lon": 105.788338, 
        "ne_lat": 21.061399000000002
    }, 
    "Rio de Janeiro": {
        "sw_lat": -23.078119000000001, 
        "ne_lon": -43.101261000000001, 
        "sw_lon": -43.795799000000002, 
        "ne_lat": -22.74906
    }, 
    "Dhaka": {
        "sw_lat": 23.69482, 
        "ne_lon": 90.423462000000001, 
        "sw_lon": 90.390747000000005, 
        "ne_lat": 23.724769999999999
    }, 
    "Minneapolis": {
        "sw_lat": 44.890239999999999, 
        "ne_lon": -93.193741000000003, 
        "sw_lon": -93.329147000000006, 
        "ne_lat": 45.051281000000003
    }, 
    "Manila": {
        "sw_lat": 14.49648, 
        "ne_lon": 121.086647, 
        "sw_lon": 120.934471, 
        "ne_lat": 14.68045
    }, 
    "Ho Chi Minh City": {
        "sw_lat": 10.73265, 
        "ne_lon": 106.72532699999999, 
        "sw_lon": 106.620651, 
        "ne_lat": 10.8422
    }, 
    "San Francisco": {
        "sw_lat": 37.604030999999999, 
        "ne_lon": -122.355301, 
        "sw_lon": -123.01365699999999, 
        "ne_lat": 37.832371000000002
    }, 
    "Sao Paulo": {
        "sw_lat": -23.784960000000002, 
        "ne_lon": -46.364989999999999, 
        "sw_lon": -46.809319000000002, 
        "ne_lat": -23.395659999999999
    }, 
    "Santiago": {
        "sw_lat": -33.534011999999997, 
        "ne_lon": -70.562866, 
        "sw_lon": -70.733008999999996, 
        "ne_lat": -33.392071000000001
    }, 
    "Seoul": {
        "sw_lat": 37.421340999999998, 
        "ne_lon": 127.18615, 
        "sw_lon": 126.76860000000001, 
        "ne_lat": 37.692901999999997
    }, 
    "Phoenix": {
        "sw_lat": 33.290249000000003, 
        "ne_lon": -111.925308, 
        "sw_lon": -112.32402, 
        "ne_lat": 33.892657999999997
    }, 
    "Singapore": {
        "sw_lat": 1.1157999999999999, 
        "ne_lon": 104.40846999999999, 
        "sw_lon": 103.61824799999999, 
        "ne_lat": 1.47062
    }, 
    "Moscow": {
        "sw_lat": 55.490699999999997, 
        "ne_lon": 37.967609000000003, 
        "sw_lon": 37.31926, 
        "ne_lat": 55.957599999999999
    }, 
    "Delhi": {
        "sw_lat": 28.404181000000001, 
        "ne_lon": 77.343688999999998, 
        "sw_lon": 76.838310000000007, 
        "ne_lat": 28.88382
    }, 
    "Buenos Aires": {
        "sw_lat": -34.716068, 
        "ne_lon": -58.300429999999999, 
        "sw_lon": -58.638939000000001, 
        "ne_lat": -34.414650000000002
    }, 
    "Kuala Lumpur": {
        "sw_lat": 3.0362399999999998, 
        "ne_lon": 101.758171, 
        "sw_lon": 101.615089, 
        "ne_lat": 3.2451099999999999
    }, 
    "Bangkok": {
        "sw_lat": 13.573309999999999, 
        "ne_lon": 100.69016999999999, 
        "sw_lon": 100.319481, 
        "ne_lat": 13.93338
    }, 
    "Berlin": {
        "sw_lat": 52.330269000000001, 
        "ne_lon": 13.72616, 
        "sw_lon": 13.05355, 
        "ne_lat": 52.667510999999998
    }, 
    "Lagos": {
        "sw_lat": 6.4283299999999999, 
        "ne_lon": 3.4430900000000002, 
        "sw_lon": 3.3810600000000002, 
        "ne_lat": 6.4610300000000001
    }, 
    "Los Angeles": {
        "sw_lat": 33.703732000000002, 
        "ne_lon": -118.15521200000001, 
        "sw_lon": -118.668167, 
        "ne_lat": 34.336781000000002
    }, 
    "London": {
        "sw_lat": 51.280430000000003, 
        "ne_lon": 0.27897, 
        "sw_lon": -0.56299999999999994, 
        "ne_lat": 51.683979000000001
    }, 
    "Hong Kong": {
        "sw_lat": 22.153549000000002, 
        "ne_lon": 114.441788, 
        "sw_lon": 113.835083, 
        "ne_lat": 22.56204
    }, 
    "San Antonio": {
        "sw_lat": 29.230868999999998, 
        "ne_lon": -98.222960999999998, 
        "sw_lon": -98.763999999999996, 
        "ne_lat": 29.73105
    }, 
    "Toronto": {
        "sw_lat": 43.584739999999996, 
        "ne_lon": -79.115622999999999, 
        "sw_lon": -79.639296999999999, 
        "ne_lat": 43.855418999999998
    }, 
    "Taipei City": {
        "sw_lat": 24.960501000000001, 
        "ne_lon": 121.665817, 
        "sw_lon": 121.45713000000001, 
        "ne_lat": 25.211410999999998
    }, 
    "Tokyo": {
        "sw_lat": 35.523448999999999, 
        "ne_lon": 139.918961, 
        "sw_lon": 139.562881, 
        "ne_lat": 35.817489999999999
    }, 
    "Jakarta": {
        "sw_lat": -6.4229900000000004, 
        "ne_lon": 107.042587, 
        "sw_lon": 106.57589, 
        "ne_lat": -6.0891599999999997
    }, 
    "Philadelphia": {
        "sw_lat": 39.865780000000001, 
        "ne_lon": -74.955749999999995, 
        "sw_lon": -75.280327, 
        "ne_lat": 40.137931999999999
    }, 
    "Melbourne": {
        "sw_lat": -38.225028999999999, 
        "ne_lon": 145.54977400000001, 
        "sw_lon": 144.553192, 
        "ne_lat": -37.540118999999997
    }, 
    "Houston": {
        "sw_lat": 29.52347, 
        "ne_lon": -95.016777000000005, 
        "sw_lon": -95.788094000000001, 
        "ne_lat": 30.111740000000001
    }, 
    "Las Vegas": {
        "sw_lat": 36.129559, 
        "ne_lon": -115.062172, 
        "sw_lon": -115.414619, 
        "ne_lat": 36.380619000000003
    }, 
    "Austin": {
        "sw_lat": 30.1252, 
        "ne_lon": -97.568648999999994, 
        "sw_lon": -97.938377000000003, 
        "ne_lat": 30.516850000000002
    }, 
    "Montreal": {
        "sw_lat": 45.414650000000002, 
        "ne_lon": -73.476921000000004, 
        "sw_lon": -73.905761999999996, 
        "ne_lat": 45.702888000000002
    }, 
    "Beijing": {
        "sw_lat": 39.689602000000001, 
        "ne_lon": 116.67002100000001, 
        "sw_lon": 116.105789, 
        "ne_lat": 40.122410000000002
    }, 
    "Lima": {
        "sw_lat": -12.213340000000001, 
        "ne_lon": -76.927672999999999, 
        "sw_lon": -77.170151000000004, 
        "ne_lat": -11.995089999999999
    }, 
    "New Orleans": {
        "sw_lat": 29.865511000000001, 
        "ne_lon": -89.625443000000004, 
        "sw_lon": -90.140060000000005, 
        "ne_lat": 30.199579
    }, 
    "Bogota": {
        "sw_lat": 4.5628200000000003, 
        "ne_lon": -74.055633999999998, 
        "sw_lon": -74.171493999999996, 
        "ne_lat": 4.7098899999999997
    }, 
    "Cairo": {
        "sw_lat": 30.006879999999999, 
        "ne_lon": 31.311171000000002, 
        "sw_lon": 31.203720000000001, 
        "ne_lat": 30.117100000000001
    }, 
    "Washington": {
        "sw_lat": 38.791671999999998, 
        "ne_lon": -76.909537999999998, 
        "sw_lon": -77.119765999999998, 
        "ne_lat": 38.995959999999997
    }, 
    "Madrid": {
        "sw_lat": 40.325938999999998, 
        "ne_lon": -3.5348999999999999, 
        "sw_lon": -3.79887, 
        "ne_lat": 40.520080999999998
    }, 
    "Milan": {
        "sw_lat": 45.42503, 
        "ne_lon": 9.2608899999999998, 
        "sw_lon": 9.0768299999999993,